section,case,metric,value,units,note
linear_window,tau0,measured_growth,-0.1857551728,1/time,stable
linear_window,tau0.5,measured_growth,-0.0504321519,1/time,stable
linear_window,tau0.65,measured_growth,0.0167317833,1/time,unstable
linear_window,tau1,measured_growth,0.1134518584,1/time,unstable
linear_window,tau2,measured_growth,0.1776179063,1/time,unstable
linear_window,tau6,measured_growth,0.0237630656,1/time,unstable
linear_window,tau6.8,measured_growth,-0.0054485709,1/time,stable
linear_window,tau8,measured_growth,-0.0439063902,1/time,stable
linear_window,all,max_relative_growth_error,0.0123,percent,measured_vs_fully_discrete_SBDF2
linear_window,all,max_relative_frequency_error,0.000057,percent,measured_vs_fully_discrete_SBDF2
hopf,pure_tau0.612_T4000,amplitude_sq_relative_error,18.253,percent,cubic_prediction
hopf,symmetric_tau0.612_T4000,amplitude_sq_relative_error,13.290,percent,cubic_prediction
hopf,pure_tau0.620_T2000,amplitude_sq_relative_error,7.037,percent,cubic_prediction
hopf,symmetric_tau0.620_T2000,amplitude_sq_relative_error,2.009,percent,cubic_prediction
hopf,pure_tau0.612_T4000,frequency_error,-0.138,percent,cubic_prediction
hopf,symmetric_tau0.612_T4000,frequency_error,-0.141,percent,cubic_prediction
hopf,pure_tau0.612_T4000,field_return_residual,0.0017046,dimensionless,periodicity
hopf,symmetric_tau0.612_T4000,field_return_residual,0.0014093,dimensionless,periodicity
hopf,pure_tau0.612_T4000,pred_transverse_rate,-3.0697e-05,1/time,negative_sign_resolved
hopf,symmetric_tau0.612_T4000,pred_transverse_rate,2.80535e-04,1/time,positive_sign_resolved
ecology,tau0,consumption,24.14903843,model_units,homogeneous_reference
ecology,tau0,Ptotal,53.97259494,model_units,homogeneous_reference
ecology,tau0,Ntotal,40.77524218,model_units,homogeneous_reference
ecology,tau1_T3000,consumption,23.56517755,model_units,t2250_3000_mean
ecology,tau1_T3000,Ptotal,52.54383270,model_units,t2250_3000_mean
ecology,tau1_T3000,Ntotal,41.05363792,model_units,t2250_3000_mean
ecology,tau1_T3000,overlap,0.97118243,dimensionless,t2250_3000_mean
ecology,tau2_T3000,consumption,23.34249662,model_units,t2250_3000_mean
ecology,tau2_T3000,Ptotal,51.76206805,model_units,t2250_3000_mean
ecology,tau2_T3000,Ntotal,41.19229154,model_units,t2250_3000_mean
ecology,tau2_T3000,overlap,0.95633582,dimensionless,t2250_3000_mean
ecology,tau1,consumption_change_vs_tau0,-2.418,percent,late_integrated_mean
ecology,tau1,Ptotal_change_vs_tau0,-2.647,percent,late_integrated_mean
ecology,tau1,Ntotal_change_vs_tau0,0.683,percent,late_integrated_mean
ecology,tau2,consumption_change_vs_tau0,-3.340,percent,late_integrated_mean
ecology,tau2,Ptotal_change_vs_tau0,-4.096,percent,late_integrated_mean
ecology,tau2,Ntotal_change_vs_tau0,1.023,percent,late_integrated_mean
decomposition,tau1,abundance,-0.522123,consumption_units,exact
decomposition,tau1,heterogeneity,-0.174771,consumption_units,exact
decomposition,tau1,association,0.113033,consumption_units,exact
decomposition,tau2,abundance,-0.816306,consumption_units,exact
decomposition,tau2,heterogeneity,-0.238430,consumption_units,exact
decomposition,tau2,association,0.248194,consumption_units,exact
late_window,tau1,max_primary_change_last_two_500_windows,0.111,percent,C_Ptotal_Ntotal_overlap
late_window,tau2,max_primary_change_last_two_500_windows,0.187,percent,C_Ptotal_Ntotal_overlap
refinement,tau0.65_dt2,growth_sign,positive,boolean,preserved
refinement,tau0.65_N150,growth_sign,positive,boolean,preserved
refinement,tau6.8_dt2,growth_sign,negative,boolean,preserved
refinement,tau6.8_N150,growth_sign,negative,boolean,preserved
refinement,tau1_dt2,consumption_change,0.019,percent,core_metric
refinement,tau1_N150,consumption_change,0.468,percent,core_metric
refinement,tau1_N150,Ntotal_change,0.132,percent,core_metric
refinement,tau1_N150,overlap_change,0.569,percent,core_metric
refinement,tau1_N150,cue_mismatch_change,8.309,percent,secondary_mesh_sensitive
